HGNC,EIF4EBP1,isa,BE,EIF4EBP
HGNC,EIF4EBP2,isa,BE,EIF4EBP
HGNC,EIF4EBP3,isa,BE,EIF4EBP
HGNC,ACTA1,isa,BE,Actin
HGNC,ACTA2,isa,BE,Actin
HGNC,ACTB,isa,BE,Actin
HGNC,ACTC1,isa,BE,Actin
HGNC,ACTG1,isa,BE,Actin
HGNC,ACTG2,isa,BE,Actin
BE,Activin_A,isa,BE,Activin
BE,Activin_AB,isa,BE,Activin
BE,Activin_B,isa,BE,Activin
HGNC,INHBA,partof,BE,Activin_A
HGNC,INHBA,partof,BE,Activin_AB
HGNC,INHBB,partof,BE,Activin_AB
HGNC,INHBB,partof,BE,Activin_B
HGNC,AKT1,isa,BE,AKT
HGNC,AKT2,isa,BE,AKT
HGNC,AKT3,isa,BE,AKT
BE,AMPK_alpha,partof,BE,AMPK
BE,AMPK_beta,partof,BE,AMPK
BE,AMPK_gamma,partof,BE,AMPK
HGNC,PRKAA1,isa,BE,AMPK_alpha
HGNC,PRKAA2,isa,BE,AMPK_alpha
HGNC,PRKAB1,isa,BE,AMPK_beta
HGNC,PRKAB2,isa,BE,AMPK_beta
HGNC,PRKAG1,isa,BE,AMPK_gamma
HGNC,PRKAG2,isa,BE,AMPK_gamma
HGNC,PRKAG3,isa,BE,AMPK_gamma
HGNC,FOS,isa,BE,FOS_family
HGNC,FOSB,isa,BE,FOS_family
HGNC,FOSL1,isa,BE,FOS_family
HGNC,FOSL2,isa,BE,FOS_family
BE,FOS_family,partof,BE,AP1
HGNC,JUN,isa,BE,JUN_family
HGNC,JUNB,isa,BE,JUN_family
HGNC,JUND,isa,BE,JUN_family
BE,JUN_family,partof,BE,AP1
HGNC,CASP1,isa,BE,Caspase
HGNC,CASP2,isa,BE,Caspase
HGNC,CASP3,isa,BE,Caspase_3_7
HGNC,CASP4,isa,BE,Caspase
HGNC,CASP5,isa,BE,Caspase
HGNC,CASP6,isa,BE,Caspase
HGNC,CASP7,isa,BE,Caspase_3_7
HGNC,CASP8,isa,BE,Caspase
HGNC,CASP9,isa,BE,Caspase
HGNC,CASP10,isa,BE,Caspase
HGNC,CASP12,isa,BE,Caspase
HGNC,CASP14,isa,BE,Caspase
HGNC,CD3D,partof,BE,CD3
HGNC,CD3E,partof,BE,CD3
HGNC,CD3G,partof,BE,CD3
HGNC,CDKL1,isa,BE,CDK
HGNC,CDKL2,isa,BE,CDK
HGNC,CDKL3,isa,BE,CDK
HGNC,CDKL4,isa,BE,CDK
HGNC,CDKL5,isa,BE,CDK
HGNC,CDK1,isa,BE,CDK
HGNC,CDK2,isa,BE,CDK
HGNC,CDK3,isa,BE,CDK
HGNC,CDK4,isa,BE,CDK
HGNC,CDK5,isa,BE,CDK
HGNC,CDK6,isa,BE,CDK
HGNC,CDK7,isa,BE,CDK
HGNC,CDK8,isa,BE,CDK
HGNC,CDK9,isa,BE,CDK
HGNC,CDK10,isa,BE,CDK
HGNC,CDK11A,isa,BE,CDK
HGNC,CDK11B,isa,BE,CDK
HGNC,CDK12,isa,BE,CDK
HGNC,CDK13,isa,BE,CDK
HGNC,CDK14,isa,BE,CDK
HGNC,CDK15,isa,BE,CDK
HGNC,CDK16,isa,BE,CDK
HGNC,CDK17,isa,BE,CDK
HGNC,CDK18,isa,BE,CDK
HGNC,CDK19,isa,BE,CDK
HGNC,CDK20,isa,BE,CDK
BE,CSNK2A,partof,BE,CK2
HGNC,CSNK2A1,isa,BE,CSNK2A
HGNC,CSNK2A2,isa,BE,CSNK2A
HGNC,CSNK2B,partof,BE,CK2
HGNC,CSNK1A1,isa,BE,CSNK1
HGNC,CSNK1A1L,isa,BE,CSNK1
HGNC,CSNK1D,isa,BE,CSNK1
HGNC,CSNK1E,isa,BE,CSNK1
HGNC,CSNK1G1,isa,BE,CSNK1
HGNC,CSNK1G2,isa,BE,CSNK1
HGNC,CSNK1G3,isa,BE,CSNK1
BE,CSNK2A,isa,BE,CSNK2
HGNC,CFL1,isa,BE,Cofilin
HGNC,CFL2,isa,BE,Cofilin
HGNC,DSTN,isa,BE,Cofilin
HGNC,CREB1,isa,BE,CREB
HGNC,ATF2,isa,BE,CREB
HGNC,CREB3,isa,BE,CREB
HGNC,CREB5,isa,BE,CREB
HGNC,CREB3L1,isa,BE,CREB
HGNC,CREB3L2,isa,BE,CREB
HGNC,CREB3L3,isa,BE,CREB
HGNC,CREB3L4,isa,BE,CREB
HGNC,CCNA1,isa,BE,Cyclin_A
HGNC,CCNA2,isa,BE,Cyclin_A
HGNC,CCNB1,isa,BE,Cyclin
HGNC,CCNB2,isa,BE,Cyclin
HGNC,CCNB3,isa,BE,Cyclin
HGNC,CCNC,isa,BE,Cyclin
HGNC,CCND1,isa,BE,Cyclin_D
HGNC,CCND2,isa,BE,Cyclin_D
HGNC,CCND3,isa,BE,Cyclin_D
HGNC,CCNE1,isa,BE,Cyclin_E
HGNC,CCNE2,isa,BE,Cyclin_E
HGNC,CCNF,isa,BE,Cyclin
HGNC,CCNG1,isa,BE,Cyclin
HGNC,CCNG2,isa,BE,Cyclin
HGNC,CCNH,isa,BE,Cyclin
HGNC,CCNI,isa,BE,Cyclin
HGNC,CCNI2,isa,BE,Cyclin
HGNC,CCNJ,isa,BE,Cyclin
HGNC,CCNJL,isa,BE,Cyclin
HGNC,CCNK,isa,BE,Cyclin
HGNC,CCNL1,isa,BE,Cyclin
HGNC,CCNL2,isa,BE,Cyclin
HGNC,CCNO,isa,BE,Cyclin
HGNC,CCNT1,isa,BE,Cyclin
HGNC,CCNT2,isa,BE,Cyclin
HGNC,CCNY,isa,BE,Cyclin
HGNC,CCNYL1,isa,BE,Cyclin
HGNC,CCNYL3,isa,BE,Cyclin
BE,Cyclin_A,isa,BE,Cyclin
BE,Cyclin_D,isa,BE,Cyclin
BE,Cyclin_E,isa,BE,Cyclin
HGNC,MAPK1,isa,BE,ERK
HGNC,MAPK3,isa,BE,ERK
BE,ERK,isa,BE,MAPK
BE,F_actin,isa,BE,Actin
HGNC,FGFR1,isa,BE,FGFR
HGNC,FGFR2,isa,BE,FGFR
HGNC,FGFR3,isa,BE,FGFR
HGNC,FGFR4,isa,BE,FGFR
HGNC,FGFRL1,isa,BE,FGFR
HGNC,GSK3A,isa,BE,GSK3
HGNC,GSK3B,isa,BE,GSK3
HGNC,HDAC1,isa,BE,HDAC_I
HGNC,HDAC2,isa,BE,HDAC_I
HGNC,HDAC3,isa,BE,HDAC_I
HGNC,HDAC8,isa,BE,HDAC_I
HGNC,HDAC4,isa,BE,HDAC_II
HGNC,HDAC5,isa,BE,HDAC_II
HGNC,HDAC7,isa,BE,HDAC_II
HGNC,HDAC9,isa,BE,HDAC_II
HGNC,HDAC6,isa,BE,HDAC_II
HGNC,HDAC10,isa,BE,HDAC_II
HGNC,SIRT1,isa,BE,HDAC_III
HGNC,SIRT2,isa,BE,HDAC_III
HGNC,SIRT3,isa,BE,HDAC_III
HGNC,SIRT4,isa,BE,HDAC_III
HGNC,SIRT5,isa,BE,HDAC_III
HGNC,SIRT6,isa,BE,HDAC_III
HGNC,SIRT7,isa,BE,HDAC_III
HGNC,HDAC11,isa,BE,HDAC_IV
BE,HDAC_I,isa,BE,HDAC
BE,HDAC_II,isa,BE,HDAC
BE,HDAC_III,isa,BE,HDAC
BE,HDAC_IV,isa,BE,HDAC
BE,HIF1_alpha,partof,BE,HIF1
BE,HIF1_beta,partof,BE,HIF1
HGNC,HIF1A,isa,BE,HIF1_alpha
HGNC,EPAS1,isa,BE,HIF1_alpha
HGNC,HIF3A,isa,BE,HIF1_alpha
HGNC,ARNT,isa,BE,HIF1_beta
HGNC,ARNT2,isa,BE,HIF1_beta
HGNC,ARNTL,isa,BE,HIF1_beta
BE,HSP90A,isa,BE,HSP90
BE,HSP90AA,isa,BE,HSP90A
HGNC,HSP90AA1,isa,BE,HSP90AA
HGNC,HSP90AB1,isa,BE,HSP90A
HGNC,HSP90B1,isa,BE,HSP90
HGNC,TRAP1,isa,BE,HSP90
BE,Histone_H1,isa,BE,Histone
BE,Histone_H2A,isa,BE,Histone
BE,Histone_H2B,isa,BE,Histone
BE,Histone_H3,isa,BE,Histone
BE,Histone_H4,isa,BE,Histone
HGNC,H1F0,isa,BE,Histone_H1
HGNC,H1FOO,isa,BE,Histone_H1
HGNC,H1FX,isa,BE,Histone_H1
HGNC,HIST1H1A,isa,BE,Histone_H1
HGNC,HIST1H1B,isa,BE,Histone_H1
HGNC,HIST1H1C,isa,BE,Histone_H1
HGNC,HIST1H1D,isa,BE,Histone_H1
HGNC,HIST1H1E,isa,BE,Histone_H1
HGNC,HIST1H1T,isa,BE,Histone_H1
HGNC,H1FNT,isa,BE,Histone_H1
UP,P0C0S8,isa,BE,Histone_H2A
HGNC,H2AFB1,isa,BE,Histone_H2A
UP,P0C5Y9,isa,BE,Histone_H2A
HGNC,H2AFJ,isa,BE,Histone_H2A
HGNC,H2AFV,isa,BE,Histone_H2A
HGNC,H2AFX,isa,BE,Histone_H2A
HGNC,H2AFY,isa,BE,Histone_H2A
HGNC,H2AFY2,isa,BE,Histone_H2A
HGNC,H2AFZ,isa,BE,Histone_H2A
HGNC,HIST1H2AA,isa,BE,Histone_H2A
HGNC,HIST1H2AC,isa,BE,Histone_H2A
HGNC,HIST1H2AD,isa,BE,Histone_H2A
HGNC,HIST1H2AH,isa,BE,Histone_H2A
HGNC,HIST1H2AJ,isa,BE,Histone_H2A
HGNC,HIST2H2AB,isa,BE,Histone_H2A
HGNC,HIST2H2AC,isa,BE,Histone_H2A
HGNC,HIST3H2A,isa,BE,Histone_H2A
UP,P04908,isa,BE,Histone_H2A
UP,Q6FI13,isa,BE,Histone_H2A
UP,P62807,isa,BE,Histone_H2B
HGNC,HIST1H2BA,isa,BE,Histone_H2B
HGNC,HIST1H2BB,isa,BE,Histone_H2B
HGNC,HIST1H2BD,isa,BE,Histone_H2B
HGNC,HIST1H2BH,isa,BE,Histone_H2B
HGNC,HIST1H2BJ,isa,BE,Histone_H2B
HGNC,HIST1H2BK,isa,BE,Histone_H2B
HGNC,HIST1H2BL,isa,BE,Histone_H2B
HGNC,HIST1H2BM,isa,BE,Histone_H2B
HGNC,HIST1H2BN,isa,BE,Histone_H2B
HGNC,HIST1H2BO,isa,BE,Histone_H2B
HGNC,HIST2H2BC,isa,BE,Histone_H2B
HGNC,HIST2H2BD,isa,BE,Histone_H2B
HGNC,HIST2H2BE,isa,BE,Histone_H2B
HGNC,HIST2H2BF,isa,BE,Histone_H2B
HGNC,HIST3H2BB,isa,BE,Histone_H2B
HGNC,H2BFS,isa,BE,Histone_H2B
HGNC,H2BFM,isa,BE,Histone_H2B
HGNC,H2BFWT,isa,BE,Histone_H2B
UP,P68431,isa,BE,Histone_H3
UP,Q71DI3,isa,BE,Histone_H3
HGNC,HIST3H3,isa,BE,Histone_H3
UP,P84243,isa,BE,Histone_H3
HGNC,H3F3C,isa,BE,Histone_H3
UP,P62805,isa,BE,Histone_H4
HGNC,HIST1H4G,isa,BE,Histone_H4
HGNC,STAT1,isa,BE,STAT
HGNC,STAT2,isa,BE,STAT
HGNC,STAT3,isa,BE,STAT
HGNC,STAT4,isa,BE,STAT
HGNC,STAT5A,isa,BE,STAT5
HGNC,STAT5B,isa,BE,STAT5
HGNC,STAT6,isa,BE,STAT
BE,STAT5,isa,BE,STAT
HGNC,PDGFA,isa,BE,PDGF
HGNC,PDGFB,isa,BE,PDGF
HGNC,PDGFB,partof,BE,PDGF_BB
HGNC,PDGFC,isa,BE,PDGF
HGNC,PDGFD,isa,BE,PDGF
HGNC,PDGFRA,isa,BE,PDGFR
HGNC,PDGFRB,isa,BE,PDGFR
HGNC,PDGFRA,partof,BE,PDGFR_AA
HGNC,PDGFRA,partof,BE,PDGFR_AB
HGNC,PDGFRB,partof,BE,PDGFR_AB
HGNC,PDGFRB,partof,BE,PDGFR_BB
HGNC,GNAO1,isa,BE,G_i_alpha
HGNC,GNAI1,isa,BE,G_i_alpha
HGNC,GNAI2,isa,BE,G_i_alpha
HGNC,GNAI3,isa,BE,G_i_alpha
HGNC,GNAT1,isa,BE,G_i_alpha
HGNC,GNAT2,isa,BE,G_i_alpha
HGNC,GNAT3,isa,BE,G_i_alpha
HGNC,GNAZ,isa,BE,G_i_alpha
HGNC,GNAS,isa,BE,G_s_alpha
HGNC,GNAL,isa,BE,G_s_alpha
HGNC,GNAQ,isa,BE,G_q_alpha
HGNC,GNA11,isa,BE,G_q_alpha
HGNC,GNA14,isa,BE,G_q_alpha
HGNC,GNA15,isa,BE,G_q_alpha
HGNC,GNA12,isa,BE,G_12_alpha
HGNC,GNA13,isa,BE,G_12_alpha
BE,G_i_alpha,isa,BE,G_alpha
BE,G_s_alpha,isa,BE,G_alpha
BE,G_q_alpha,isa,BE,G_alpha
BE,G_12_alpha,isa,BE,G_alpha
BE,G_i_alpha,partof,BE,G_i
BE,G_s_alpha,partof,BE,G_s
BE,G_q_alpha,partof,BE,G_q
BE,G_12_alpha,partof,BE,G_12
BE,G_i,isa,BE,G_protein
BE,G_s,isa,BE,G_protein
BE,G_q,isa,BE,G_protein
BE,G_12,isa,BE,G_protein
HGNC,ANAPC2,partof,BE,APC_C
HGNC,ANAPC11,partof,BE,APC_C
HGNC,ANAPC1,partof,BE,APC_C
HGNC,CDC16,partof,BE,APC_C
HGNC,CDC27,partof,BE,APC_C
HGNC,CDC23,partof,BE,APC_C
HGNC,ANAPC5,partof,BE,APC_C
HGNC,ANAPC10,partof,BE,APC_C
HGNC,ANAPC15,partof,BE,APC_C
HGNC,ANAPC13,partof,BE,APC_C
HGNC,CDC26,partof,BE,APC_C
HGNC,ANAPC16,partof,BE,APC_C
HGNC,ANAPC7,partof,BE,APC_C
HGNC,ANAPC4,partof,BE,APC_C
HGNC,EGFR,isa,BE,ERBB
HGNC,ERBB2,isa,BE,ERBB
HGNC,ERBB3,isa,BE,ERBB
HGNC,ERBB4,isa,BE,ERBB
HGNC,EIF4G1,isa,BE,EIF4G
HGNC,EIF4G2,isa,BE,EIF4G
HGNC,EIF4G3,isa,BE,EIF4G
HGNC,NFATC1,isa,BE,NFAT
HGNC,NFATC2,isa,BE,NFAT
HGNC,NFATC3,isa,BE,NFAT
HGNC,NFATC4,isa,BE,NFAT
HGNC,NFAT5,isa,BE,NFAT
HGNC,GYS1,isa,BE,GYS
HGNC,GYS2,isa,BE,GYS
HGNC,TUBA1A,isa,BE,TUBA
HGNC,TUBA1B,isa,BE,TUBA
HGNC,TUBA1C,isa,BE,TUBA
HGNC,TUBA3C,isa,BE,TUBA
HGNC,TUBA3D,isa,BE,TUBA
HGNC,TUBA3E,isa,BE,TUBA
HGNC,TUBA4A,isa,BE,TUBA
HGNC,TUBA8,isa,BE,TUBA
HGNC,TUBAL3,isa,BE,TUBA
HGNC,TUBB,isa,BE,TUBB
HGNC,TUBB1,isa,BE,TUBB
HGNC,TUBB2A,isa,BE,TUBB
HGNC,TUBB2B,isa,BE,TUBB
HGNC,TUBB3,isa,BE,TUBB
HGNC,TUBB4A,isa,BE,TUBB
HGNC,TUBB4B,isa,BE,TUBB
HGNC,TUBB6,isa,BE,TUBB
HGNC,TUBG1,isa,BE,TUBG
HGNC,TUBG2,isa,BE,TUBG
HGNC,TUBD1,isa,BE,TUBD
HGNC,TUBE1,isa,BE,TUBE
BE,TUBA,isa,BE,Tubulin
BE,TUBB,isa,BE,Tubulin
BE,TUBG,isa,BE,Tubulin
BE,TUBD,isa,BE,Tubulin
BE,TUBE,isa,BE,Tubulin
HGNC,JAK1,isa,BE,JAK
HGNC,JAK2,isa,BE,JAK
HGNC,JAK3,isa,BE,JAK
HGNC,TYK2,isa,BE,JAK
HGNC,CD8A,isa,BE,CD8
HGNC,CD8B,isa,BE,CD8
HGNC,CASP3,isa,BE,Caspase_3_7
HGNC,CASP7,isa,BE,Caspase_3_7
BE,Caspase_3_7,isa,BE,Caspase
HGNC,LDHA,isa,BE,LDH
HGNC,LDHB,isa,BE,LDH
HGNC,LDHC,isa,BE,LDH
HGNC,RPS6KA1,isa,BE,P90RSK
HGNC,RPS6KA2,isa,BE,P90RSK
HGNC,RPS6KA3,isa,BE,P90RSK
HGNC,RPS6KA4,isa,BE,P90RSK
HGNC,RPS6KA5,isa,BE,P90RSK
HGNC,RPS6KA6,isa,BE,P90RSK
HGNC,RPS6KB1,isa,BE,P70RSK
HGNC,RPS6KB2,isa,BE,P70RSK
HGNC,RPS6KB3,isa,BE,P70RSK
BE,P90RSK,isa,BE,RSK
BE,P70RSK,isa,BE,RSK
HGNC,RELA,isa,BE,NFkappaB_2
HGNC,RELB,isa,BE,NFkappaB_2
HGNC,REL,isa,BE,NFkappaB_2
HGNC,NFKB1,isa,BE,NFkappaB_1
HGNC,NFKB2,isa,BE,NFkappaB_1
BE,NFkappaB_1,isa,BE,NFkappaB
BE,NFkappaB_2,isa,BE,NFkappaB
HGNC,TLR1,isa,BE,TLR
HGNC,TLR2,isa,BE,TLR
HGNC,TLR3,isa,BE,TLR
HGNC,TLR4,isa,BE,TLR
HGNC,TLR5,isa,BE,TLR
HGNC,TLR6,isa,BE,TLR
HGNC,TLR7,isa,BE,TLR
HGNC,TLR8,isa,BE,TLR
HGNC,TLR9,isa,BE,TLR
HGNC,TLR10,isa,BE,TLR
HGNC,ARID1A,partof,BE,SWI_SNF
HGNC,ARID1B,partof,BE,SWI_SNF
HGNC,SMARCA4,partof,BE,SWI_SNF
HGNC,SMARCC1,partof,BE,SWI_SNF
HGNC,SMARCC2,partof,BE,SWI_SNF
HGNC,SMARCD1,partof,BE,SWI_SNF
HGNC,SMARCD2,partof,BE,SWI_SNF
HGNC,SMARCD3,partof,BE,SWI_SNF
HGNC,ACTL6A,partof,BE,SWI_SNF
HGNC,ACTL6B,partof,BE,SWI_SNF
HGNC,BMP1,isa,BE,BMP
HGNC,BMP2,isa,BE,BMP
HGNC,BMP3,isa,BE,BMP
HGNC,BMP4,isa,BE,BMP
HGNC,BMP5,isa,BE,BMP
HGNC,BMP6,isa,BE,BMP
HGNC,BMP7,isa,BE,BMP
HGNC,BMP8A,isa,BE,BMP
HGNC,BMP8B,isa,BE,BMP
HGNC,BMP10,isa,BE,BMP
HGNC,BMP15,isa,BE,BMP
HGNC,IL12A,isa,BE,IL12
HGNC,IL12B,isa,BE,IL12
HGNC,IL1A,isa,BE,IL1
HGNC,IL1B,isa,BE,IL1
HGNC,SOD1,isa,BE,SOD
HGNC,SOD2,isa,BE,SOD
HGNC,SOD3,isa,BE,SOD
HGNC,TSC1,isa,BE,TSC
HGNC,TSC2,isa,BE,TSC
HGNC,FOXO1,isa,BE,FOXO
HGNC,FOXO3,isa,BE,FOXO
HGNC,FOXO4,isa,BE,FOXO
HGNC,FOXO6,isa,BE,FOXO
HGNC,MMP1,isa,BE,MMP
HGNC,MMP2,isa,BE,MMP
HGNC,MMP3,isa,BE,MMP
HGNC,MMP7,isa,BE,MMP
HGNC,MMP8,isa,BE,MMP
HGNC,MMP9,isa,BE,MMP
HGNC,MMP10,isa,BE,MMP
HGNC,MMP11,isa,BE,MMP
HGNC,MMP12,isa,BE,MMP
HGNC,MMP13,isa,BE,MMP
HGNC,MMP14,isa,BE,MMP
HGNC,MMP15,isa,BE,MMP
HGNC,MMP16,isa,BE,MMP
HGNC,MMP17,isa,BE,MMP
HGNC,MMP19,isa,BE,MMP
HGNC,MMP20,isa,BE,MMP
HGNC,MMP21,isa,BE,MMP
HGNC,MMP23B,isa,BE,MMP
HGNC,MMP24,isa,BE,MMP
HGNC,MMP25,isa,BE,MMP
HGNC,MMP25,isa,BE,MMP
HGNC,MMP27,isa,BE,MMP
HGNC,MMP28,isa,BE,MMP
HGNC,ACACA,isa,BE,ACC
HGNC,ACACB,isa,BE,ACC
HGNC,MAP1LC3A,isa,BE,MAP1LC3
HGNC,MAP1LC3B,isa,BE,MAP1LC3
HGNC,MAP1LC3B2,isa,BE,MAP1LC3
HGNC,MAP1LC3C,isa,BE,MAP1LC3
HGNC,IFNA1,isa,BE,IFNA
HGNC,IFNA2,isa,BE,IFNA
HGNC,IFNA4,isa,BE,IFNA
HGNC,IFNA5,isa,BE,IFNA
HGNC,IFNA6,isa,BE,IFNA
HGNC,IFNA7,isa,BE,IFNA
HGNC,IFNA8,isa,BE,IFNA
HGNC,IFNA10,isa,BE,IFNA
HGNC,IFNA13,isa,BE,IFNA
HGNC,IFNA14,isa,BE,IFNA
HGNC,IFNA16,isa,BE,IFNA
HGNC,IFNA17,isa,BE,IFNA
HGNC,IFNA21,isa,BE,IFNA
HGNC,IFNB1,isa,BE,IFNB
BE,IFNA,isa,BE,Interferon
BE,IFNB,isa,BE,Interferon
HGNC,IFNK,isa,BE,Interferon
HGNC,IFNW1,isa,BE,Interferon
HGNC,TNFRSF1A,isa,BE,Death_receptor
HGNC,TNFRSF1B,isa,BE,Death_receptor
HGNC,TNFRSF10A,isa,BE,Death_receptor
HGNC,TNFRSF10B,isa,BE,Death_receptor
HGNC,TNFRSF10C,isa,BE,Death_receptor
HGNC,TNFRSF10D,isa,BE,Death_receptor
HGNC,FAS,isa,BE,Death_receptor
HGNC,TNFRSF1A,isa,BE,TNFRSF
HGNC,TNFRSF1B,isa,BE,TNFRSF
HGNC,TNFRSF4,isa,BE,TNFRSF
HGNC,TNFRSF8,isa,BE,TNFRSF
HGNC,TNFRSF9,isa,BE,TNFRSF
HGNC,TNFRSF10A,isa,BE,TNFRSF
HGNC,TNFRSF10B,isa,BE,TNFRSF
HGNC,TNFRSF10C,isa,BE,TNFRSF
HGNC,TNFRSF10D,isa,BE,TNFRSF
HGNC,TNFRSF11A,isa,BE,TNFRSF
HGNC,TNFRSF11B,isa,BE,TNFRSF
HGNC,TNFRSF12A,isa,BE,TNFRSF
HGNC,TNFRSF13B,isa,BE,TNFRSF
HGNC,TNFRSF13C,isa,BE,TNFRSF
HGNC,TNFRSF14,isa,BE,TNFRSF
HGNC,TNFRSF17,isa,BE,TNFRSF
HGNC,TNFRSF18,isa,BE,TNFRSF
HGNC,TNFRSF19,isa,BE,TNFRSF
HGNC,TNFRSF21,isa,BE,TNFRSF
HGNC,TNFRSF25,isa,BE,TNFRSF
HGNC,FGF1,isa,BE,FGF
HGNC,FGF2,isa,BE,FGF
HGNC,FGF3,isa,BE,FGF
HGNC,FGF4,isa,BE,FGF
HGNC,FGF5,isa,BE,FGF
HGNC,FGF6,isa,BE,FGF
HGNC,FGF7,isa,BE,FGF
HGNC,FGF8,isa,BE,FGF
HGNC,FGF9,isa,BE,FGF
HGNC,FGF10,isa,BE,FGF
HGNC,FGF11,isa,BE,FGF
HGNC,FGF12,isa,BE,FGF
HGNC,FGF13,isa,BE,FGF
HGNC,FGF14,isa,BE,FGF
HGNC,FGF16,isa,BE,FGF
HGNC,FGF17,isa,BE,FGF
HGNC,FGF18,isa,BE,FGF
HGNC,FGF19,isa,BE,FGF
HGNC,FGF20,isa,BE,FGF
HGNC,FGF21,isa,BE,FGF
HGNC,FGF22,isa,BE,FGF
HGNC,FGF23,isa,BE,FGF
HGNC,WNT1,isa,BE,Wnt
HGNC,WNT2,isa,BE,Wnt
HGNC,WNT2B,isa,BE,Wnt
HGNC,WNT3,isa,BE,Wnt
HGNC,WNT3A,isa,BE,Wnt
HGNC,WNT4,isa,BE,Wnt
HGNC,WNT5A,isa,BE,Wnt
HGNC,WNT5B,isa,BE,Wnt
HGNC,WNT6,isa,BE,Wnt
HGNC,WNT7A,isa,BE,Wnt
HGNC,WNT7B,isa,BE,Wnt
HGNC,WNT8A,isa,BE,Wnt
HGNC,WNT8B,isa,BE,Wnt
HGNC,WNT9A,isa,BE,Wnt
HGNC,WNT9B,isa,BE,Wnt
HGNC,WNT10A,isa,BE,Wnt
HGNC,WNT10B,isa,BE,Wnt
HGNC,WNT11,isa,BE,Wnt
HGNC,WNT16,isa,BE,Wnt
HGNC,ARAF,isa,BE,RAF
HGNC,BRAF,isa,BE,RAF
HGNC,RAF1,isa,BE,RAF
HGNC,BRCA1,isa,BE,BRCA
HGNC,BRCA2,isa,BE,BRCA
HGNC,CNKSR1,isa,BE,CNKSR
HGNC,CNKSR2,isa,BE,CNKSR
HGNC,DUSP1,isa,BE,DUSP
HGNC,DUSP2,isa,BE,DUSP
HGNC,DUSP3,isa,BE,DUSP
HGNC,DUSP4,isa,BE,DUSP
HGNC,DUSP5,isa,BE,DUSP
HGNC,DUSP6,isa,BE,DUSP
HGNC,ETS1,isa,BE,ETS
HGNC,ETS2,isa,BE,ETS
HGNC,EXOC1,isa,BE,EXOC
HGNC,EXOC2,isa,BE,EXOC
HGNC,EXOC3,isa,BE,EXOC
HGNC,EXOC4,isa,BE,EXOC
HGNC,EXOC5,isa,BE,EXOC
HGNC,EXOC6,isa,BE,EXOC
HGNC,EXOC7,isa,BE,EXOC
HGNC,EXOC8,isa,BE,EXOC
HGNC,FANCA,isa,BE,FANC
HGNC,FANCB,isa,BE,FANC
HGNC,FANCC,isa,BE,FANC
HGNC,BRCA2,isa,BE,FANC
HGNC,FANCD2,isa,BE,FANC
HGNC,FANCE,isa,BE,FANC
HGNC,FANCF,isa,BE,FANC
HGNC,FANCG,isa,BE,FANC
HGNC,FANCI,isa,BE,FANC
HGNC,BRIP1,isa,BE,FANC
HGNC,FANCL,isa,BE,FANC
HGNC,FANCM,isa,BE,FANC
HGNC,PALB2,isa,BE,FANC
HGNC,RAD51C,isa,BE,FANC
HGNC,SLX4,isa,BE,FANC
HGNC,ERCC4,isa,BE,FANC
HGNC,RAD51,isa,BE,FANC
HGNC,BRCA1,isa,BE,FANC
HGNC,UBE2T,isa,BE,FANC
HGNC,XRCC2,isa,BE,FANC
HGNC,FNTA,partof,BE,FNT
HGNC,FNTB,partof,BE,FNT
HGNC,KRAS,isa,BE,RAS
HGNC,HRAS,isa,BE,RAS
HGNC,NRAS,isa,BE,RAS
HGNC,KSR1,isa,BE,KSR
HGNC,KSR2,isa,BE,KSR
HGNC,MAP2K1,isa,BE,MEK
HGNC,MAP2K2,isa,BE,MEK
HGNC,MCM2,isa,BE,MCM
HGNC,MCM3,isa,BE,MCM
HGNC,MCM4,isa,BE,MCM
HGNC,MCM5,isa,BE,MCM
HGNC,MCM6,isa,BE,MCM
HGNC,MCM7,isa,BE,MCM
HGNC,MCM8,isa,BE,MCM
HGNC,MCM9,isa,BE,MCM
HGNC,MCMDC2,isa,BE,MCM
HGNC,PAK1,isa,BE,PAK
HGNC,PAK2,isa,BE,PAK
HGNC,PAK3,isa,BE,PAK
HGNC,PAK4,isa,BE,PAK
HGNC,PAK6,isa,BE,PAK
HGNC,PAK7,isa,BE,PAK
HGNC,RAC1,isa,BE,RAC
HGNC,RAC2,isa,BE,RAC
HGNC,RAC3,isa,BE,RAC
HGNC,RHOG,isa,BE,RAC
HGNC,RALA,isa,BE,RAL
HGNC,RALB,isa,BE,RAL
HGNC,RAPGEF1,isa,BE,RAPGEF
HGNC,RAPGEF2,isa,BE,RAPGEF
HGNC,RASA1,isa,BE,RASA
HGNC,RASA2,isa,BE,RASA
HGNC,RASA3,isa,BE,RASA
HGNC,RASAL1,isa,BE,RASAL
HGNC,RASAL2,isa,BE,RASAL
HGNC,RASAL3,isa,BE,RASAL
HGNC,RASGRF1,isa,BE,RASGRF
HGNC,RASGRF2,isa,BE,RASGRF
HGNC,RASGRP1,isa,BE,RASGRP
HGNC,RASGRP2,isa,BE,RASGRP
HGNC,RASGRP3,isa,BE,RASGRP
HGNC,RASGRP4,isa,BE,RASGRP
HGNC,RASSF1,isa,BE,RASSF
HGNC,RASSF2,isa,BE,RASSF
HGNC,RASSF3,isa,BE,RASSF
HGNC,RASSF4,isa,BE,RASSF
HGNC,RASSF5,isa,BE,RASSF
HGNC,RASSF6,isa,BE,RASSF
HGNC,RASSF7,isa,BE,RASSF
HGNC,RASSF8,isa,BE,RASSF
HGNC,RASSF9,isa,BE,RASSF
HGNC,RASSF10,isa,BE,RASSF
HGNC,RGL1,isa,BE,RGL
HGNC,RGL2,isa,BE,RGL
HGNC,RGL3,isa,BE,RGL
HGNC,RHOA,isa,BE,RHO
HGNC,RHOB,isa,BE,RHO
HGNC,RHOC,isa,BE,RHO
HGNC,ROCK1,isa,BE,ROCK
HGNC,ROCK2,isa,BE,ROCK
HGNC,SHC1,isa,BE,SHC
HGNC,SHC2,isa,BE,SHC
HGNC,SHC3,isa,BE,SHC
HGNC,SHC4,isa,BE,SHC
HGNC,SOS1,isa,BE,SOS
HGNC,SOS2,isa,BE,SOS
HGNC,SPRY1,isa,BE,SPRY
HGNC,SPRY2,isa,BE,SPRY
HGNC,SPRY3,isa,BE,SPRY
HGNC,SPRY4,isa,BE,SPRY
HGNC,TFDP1,isa,BE,TFDP
HGNC,TFDP2,isa,BE,TFDP
HGNC,TIAM1,isa,BE,TIAM
HGNC,TIAM2,isa,BE,TIAM
HGNC,SPRED1,isa,BE,SPRED
HGNC,SPRED2,isa,BE,SPRED
HGNC,SPRED3,isa,BE,SPRED
HGNC,CGA,partof,BE,hCG
HGNC,CGB3,partof,BE,hCG
HGNC,SAA1,isa,BE,SAA
HGNC,SAA2,isa,BE,SAA
HGNC,SAA4,isa,BE,SAA
HGNC,MAPK11,isa,BE,p38
HGNC,MAPK12,isa,BE,p38
HGNC,MAPK13,isa,BE,p38
HGNC,MAPK14,isa,BE,p38
BE,p38,isa,BE,MAPK
HGNC,SFN,isa,BE,p14_3_3
HGNC,YWHAB,isa,BE,p14_3_3
HGNC,YWHAE,isa,BE,p14_3_3
HGNC,YWHAG,isa,BE,p14_3_3
HGNC,YWHAH,isa,BE,p14_3_3
HGNC,YWHAQ,isa,BE,p14_3_3
HGNC,YWHAZ,isa,BE,p14_3_3
HGNC,ABCC8,isa,BE,Sulfonylurea_receptor
HGNC,ABCC9,isa,BE,Sulfonylurea_receptor
HGNC,ACAD8,isa,BE,ACAD
HGNC,ACAD9,isa,BE,ACAD
HGNC,ACADL,isa,BE,ACAD
HGNC,ACADM,isa,BE,ACAD
HGNC,ACADS,isa,BE,ACAD
HGNC,ACADVL,isa,BE,ACAD
HGNC,ACAD10,isa,BE,ACAD
HGNC,ACAD11,isa,BE,ACAD
HGNC,ACADSB,isa,BE,ACAD
HGNC,GCDH,isa,BE,ACAD
HGNC,IVD,isa,BE,ACAD
HGNC,SLC27A2,isa,BE,Acetyl_CoA_synthetase
HGNC,ACSL1,isa,BE,Acetyl_CoA_synthetase
HGNC,ACSL3,isa,BE,Acetyl_CoA_synthetase
HGNC,ACSL4,isa,BE,Acetyl_CoA_synthetase
HGNC,ACSL5,isa,BE,Acetyl_CoA_synthetase
HGNC,ACSL6,isa,BE,Acetyl_CoA_synthetase
HGNC,ACOX1,isa,BE,ACOX
HGNC,ACOX2,isa,BE,ACOX
HGNC,ACOX3,isa,BE,ACOX
HGNC,ACOXL,isa,BE,ACOX
HGNC,ACSL1,isa,BE,ACSL
HGNC,ACSL3,isa,BE,ACSL
HGNC,ACSL4,isa,BE,ACSL
HGNC,ACSL5,isa,BE,ACSL
HGNC,ACSL6,isa,BE,ACSL
HGNC,ACTN1,isa,BE,ACTN
HGNC,ACTN2,isa,BE,ACTN
HGNC,ACTN3,isa,BE,ACTN
HGNC,ACTN4,isa,BE,ACTN
HGNC,ADCY1,isa,BE,ADCY
HGNC,ADCY2,isa,BE,ADCY
HGNC,ADCY3,isa,BE,ADCY
HGNC,ADCY4,isa,BE,ADCY
HGNC,ADCY5,isa,BE,ADCY
HGNC,ADCY6,isa,BE,ADCY
HGNC,ADCY7,isa,BE,ADCY
HGNC,ADCY8,isa,BE,ADCY
HGNC,ADCY9,isa,BE,ADCY
HGNC,ADCY10,isa,BE,ADCY
HGNC,ADH1A,isa,BE,ADH
HGNC,ADH1B,isa,BE,ADH
HGNC,ADH1C,isa,BE,ADH
HGNC,ADH4,isa,BE,ADH
HGNC,ADH5,isa,BE,ADH
HGNC,ADH6,isa,BE,ADH
HGNC,ADH7,isa,BE,ADH
HGNC,ADHFE1,isa,BE,ADH
HGNC,ADRA1A,isa,BE,ADRA
HGNC,ADRA1B,isa,BE,ADRA
HGNC,ADRA1D,isa,BE,ADRA
HGNC,ADRA2A,isa,BE,ADRA
HGNC,ADRA2B,isa,BE,ADRA
HGNC,ADRA2C,isa,BE,ADRA
HGNC,ADRA2A,isa,BE,ADRA2
HGNC,ADRA2B,isa,BE,ADRA2
HGNC,ADRA2C,isa,BE,ADRA2
HGNC,ADRB1,isa,BE,ADRB
HGNC,ADRB2,isa,BE,ADRB
HGNC,ADRB3,isa,BE,ADRB
HGNC,ADRBK1,isa,BE,ADRBK
HGNC,ADRBK2,isa,BE,ADRBK
HGNC,ALDH1A1,isa,BE,ALDH
HGNC,ALDH1A2,isa,BE,ALDH
HGNC,ALDH1A3,isa,BE,ALDH
HGNC,ALDH2,isa,BE,ALDH
HGNC,ALDH3A1,isa,BE,ALDH
HGNC,ALDH3A2,isa,BE,ALDH
HGNC,ALDH3B1,isa,BE,ALDH
HGNC,ALDH5A1,isa,BE,ALDH
HGNC,ALDH7A1,isa,BE,ALDH
HGNC,ALDH9A1,isa,BE,ALDH
HGNC,ALDOA,isa,BE,ALDO
HGNC,ALDOB,isa,BE,ALDO
HGNC,ALDOC,isa,BE,ALDO
HGNC,APOA1,isa,BE,APOA
HGNC,APOA2,isa,BE,APOA
HGNC,APOA4,isa,BE,APOA
HGNC,APOA5,isa,BE,APOA
HGNC,ARRB1,isa,BE,ARRB
HGNC,ARRB2,isa,BE,ARRB
HGNC,ATP2A1,isa,BE,ATP2A
HGNC,ATP2A2,isa,BE,ATP2A
HGNC,ATP2A3,isa,BE,ATP2A
HGNC,ATP5G1,isa,BE,ATP5G
HGNC,ATP5G2,isa,BE,ATP5G
HGNC,ATP5G3,isa,BE,ATP5G
HGNC,AXIN1,isa,BE,AXIN
HGNC,AXIN2,isa,BE,AXIN
HGNC,BIRC2,isa,BE,BIRC
HGNC,BIRC3,isa,BE,BIRC
HGNC,BIRC5,isa,BE,BIRC
HGNC,BIRC6,isa,BE,BIRC
HGNC,BIRC7,isa,BE,BIRC
HGNC,BIRC8,isa,BE,BIRC
HGNC,NAIP,isa,BE,BIRC
HGNC,XIAP,isa,BE,BIRC
HGNC,GDF1,isa,BE,BMP
HGNC,GDF2,isa,BE,BMP
HGNC,GDF3,isa,BE,BMP
HGNC,GDF5,isa,BE,BMP
HGNC,GDF6,isa,BE,BMP
HGNC,GDF7,isa,BE,BMP
HGNC,ACVR1,isa,BE,BMP_receptor_type_I
HGNC,BMPR1A,isa,BE,BMP_receptor_type_I
HGNC,BMPR1B,isa,BE,BMP_receptor_type_I
HGNC,ACVR2A,isa,BE,BMP_receptor_type_II
HGNC,ACVR2B,isa,BE,BMP_receptor_type_II
HGNC,BMPR2,isa,BE,BMP_receptor_type_II
HGNC,CALM1,isa,BE,CALM
HGNC,CALM2,isa,BE,CALM
HGNC,CALM3,isa,BE,CALM
HGNC,CAMK1,isa,BE,CAMK
HGNC,CAMK1D,isa,BE,CAMK
HGNC,CAMK1G,isa,BE,CAMK
HGNC,CAMK2A,isa,BE,CAMK2
HGNC,CAMK2B,isa,BE,CAMK2
HGNC,CAMK2D,isa,BE,CAMK2
HGNC,CAMK2G,isa,BE,CAMK2
HGNC,CAMK4,isa,BE,CAMK
BE,CAMK2,isa,BE,CAMK
HGNC,CAPN1,isa,BE,CAPN
HGNC,CAPN10,isa,BE,CAPN
HGNC,CAPN11,isa,BE,CAPN
HGNC,CAPN12,isa,BE,CAPN
HGNC,CAPN13,isa,BE,CAPN
HGNC,CAPN14,isa,BE,CAPN
HGNC,CAPN2,isa,BE,CAPN
HGNC,CAPN3,isa,BE,CAPN
HGNC,CAPN5,isa,BE,CAPN
HGNC,CAPN6,isa,BE,CAPN
HGNC,CAPN7,isa,BE,CAPN
HGNC,CAPN9,isa,BE,CAPN
HGNC,CAPN15,isa,BE,CAPN
HGNC,CAPN8,isa,BE,CAPN
HGNC,CES1,isa,BE,Carboxylesterase
HGNC,CES2,isa,BE,Carboxylesterase
HGNC,CES3,isa,BE,Carboxylesterase
HGNC,CES4A,isa,BE,Carboxylesterase
HGNC,CES5A,isa,BE,Carboxylesterase
HGNC,CAV1,isa,BE,CAV
HGNC,CAV2,isa,BE,CAV
HGNC,CAV3,isa,BE,CAV
HGNC,FCGR3A,isa,BE,CD16
HGNC,FCGR3B,isa,BE,CD16
HGNC,FCGR2A,isa,BE,CD32
HGNC,FCGR2B,isa,BE,CD32
HGNC,FCGR2C,isa,BE,CD32
HGNC,FCGR1A,isa,BE,CD64
HGNC,FCGR1B,isa,BE,CD64
HGNC,CDC25A,isa,BE,CDC25
HGNC,CDC25B,isa,BE,CDC25
HGNC,CDC25C,isa,BE,CDC25
HGNC,CDH1,isa,BE,Cadherin
HGNC,CDH10,isa,BE,Cadherin
HGNC,CDH11,isa,BE,Cadherin
HGNC,CDH12,isa,BE,Cadherin
HGNC,CDH13,isa,BE,Cadherin
HGNC,CDH15,isa,BE,Cadherin
HGNC,CDH16,isa,BE,Cadherin
HGNC,CDH17,isa,BE,Cadherin
HGNC,CDH18,isa,BE,Cadherin
HGNC,CDH19,isa,BE,Cadherin
HGNC,CDH2,isa,BE,Cadherin
HGNC,CDH20,isa,BE,Cadherin
HGNC,CDH22,isa,BE,Cadherin
HGNC,CDH24,isa,BE,Cadherin
HGNC,CDH3,isa,BE,Cadherin
HGNC,CDH4,isa,BE,Cadherin
HGNC,CDH5,isa,BE,Cadherin
HGNC,CDH6,isa,BE,Cadherin
HGNC,CDH7,isa,BE,Cadherin
HGNC,CDH8,isa,BE,Cadherin
HGNC,CDH9,isa,BE,Cadherin
HGNC,CEBPA,isa,BE,CEBP
HGNC,CEBPB,isa,BE,CEBP
HGNC,CEBPD,isa,BE,CEBP
HGNC,CEBPG,isa,BE,CEBP
HGNC,CEBPE,isa,BE,CEBP
HGNC,ACKR2,isa,BE,Chemokine_receptor
HGNC,CCR1,isa,BE,Chemokine_receptor
HGNC,CCR10,isa,BE,Chemokine_receptor
HGNC,CCR2,isa,BE,Chemokine_receptor
HGNC,CCR3,isa,BE,Chemokine_receptor
HGNC,CCR4,isa,BE,Chemokine_receptor
HGNC,CCR5,isa,BE,Chemokine_receptor
HGNC,CCR6,isa,BE,Chemokine_receptor
HGNC,CCR7,isa,BE,Chemokine_receptor
HGNC,CCR8,isa,BE,Chemokine_receptor
HGNC,CCR9,isa,BE,Chemokine_receptor
HGNC,ACKR4,isa,BE,Chemokine_receptor
HGNC,CCRL2,isa,BE,Chemokine_receptor
HGNC,CX3CR1,isa,BE,Chemokine_receptor
HGNC,CXCR1,isa,BE,Chemokine_receptor
HGNC,CXCR2,isa,BE,Chemokine_receptor
HGNC,CXCR3,isa,BE,Chemokine_receptor
HGNC,CXCR4,isa,BE,Chemokine_receptor
HGNC,CXCR5,isa,BE,Chemokine_receptor
HGNC,CXCR6,isa,BE,Chemokine_receptor
HGNC,ACKR3,isa,BE,Chemokine_receptor
HGNC,XCR1,isa,BE,Chemokine_receptor
HGNC,ACHE,isa,BE,Cholinesterase
HGNC,BCHE,isa,BE,Cholinesterase
HGNC,CHRM1,isa,BE,CHRM
HGNC,CHRM2,isa,BE,CHRM
HGNC,CHRM3,isa,BE,CHRM
HGNC,CHRM4,isa,BE,CHRM
HGNC,CHRM5,isa,BE,CHRM
HGNC,COL1A1,isa,BE,COL1
HGNC,COL1A2,isa,BE,COL1
HGNC,COL4A1,isa,BE,COL4
HGNC,COL4A2,isa,BE,COL4
HGNC,COL4A3,isa,BE,COL4
HGNC,COL4A4,isa,BE,COL4
HGNC,COL4A5,isa,BE,COL4
HGNC,COL4A6,isa,BE,COL4
HGNC,COL5A1,isa,BE,COL5
HGNC,COL5A2,isa,BE,COL5
HGNC,COL5A3,isa,BE,COL5
HGNC,COX4I1,isa,BE,COX4
HGNC,COX4I2,isa,BE,COX4
HGNC,COX6A1,isa,BE,COX6A
HGNC,COX6A2,isa,BE,COX6A
HGNC,COX6B1,isa,BE,COX6B
HGNC,COX6B2,isa,BE,COX6B
HGNC,COX7A1,isa,BE,COX7A
HGNC,COX7A2,isa,BE,COX7A
HGNC,COX7B,isa,BE,COX7B
HGNC,COX7B2,isa,BE,COX7B
HGNC,COX8A,isa,BE,COX8
HGNC,COX8C,isa,BE,COX8
BE,COX6A,partof,BE,COX
BE,COX6B,partof,BE,COX
BE,COX7A,partof,BE,COX
BE,COX7B,partof,BE,COX
HGNC,CREB1,isa,BE,CREB
HGNC,CREM,isa,BE,CREB
HGNC,ATF1,isa,BE,CREB
HGNC,CRISP1,isa,BE,CRISP
HGNC,CRISP2,isa,BE,CRISP
HGNC,CRISP3,isa,BE,CRISP
HGNC,CTNNA1,isa,BE,CTNNA
HGNC,CTNNA2,isa,BE,CTNNA
HGNC,CTNNA3,isa,BE,CTNNA
HGNC,CUL1,isa,BE,CUL
HGNC,CUL2,isa,BE,CUL
HGNC,CUL3,isa,BE,CUL
HGNC,CUL4A,isa,BE,CUL
HGNC,CUL4B,isa,BE,CUL
HGNC,CUL5,isa,BE,CUL
HGNC,CUL7,isa,BE,CUL
HGNC,CXCL10,isa,BE,CXCL_ELR_negative
HGNC,CXCL11,isa,BE,CXCL_ELR_negative
HGNC,CXCL12,isa,BE,CXCL_ELR_negative
HGNC,CXCL13,isa,BE,CXCL_ELR_negative
HGNC,CXCL14,isa,BE,CXCL_ELR_negative
HGNC,CXCL9,isa,BE,CXCL_ELR_negative
HGNC,PF4,isa,BE,CXCL_ELR_negative
HGNC,CXCL1,isa,BE,CXCL_ELR_positive
HGNC,CXCL2,isa,BE,CXCL_ELR_positive
HGNC,CXCL3,isa,BE,CXCL_ELR_positive
HGNC,CXCL5,isa,BE,CXCL_ELR_positive
HGNC,CXCL6,isa,BE,CXCL_ELR_positive
HGNC,CXCL8,isa,BE,CXCL_ELR_positive
HGNC,PPBP,isa,BE,CXCL_ELR_positive
HGNC,CWC27,isa,BE,Cyclophilin
HGNC,PPIA,isa,BE,Cyclophilin
HGNC,PPIB,isa,BE,Cyclophilin
HGNC,PPIC,isa,BE,Cyclophilin
HGNC,PPID,isa,BE,Cyclophilin
HGNC,PPIE,isa,BE,Cyclophilin
HGNC,PPIF,isa,BE,Cyclophilin
HGNC,PPIH,isa,BE,Cyclophilin
HGNC,PPIL1,isa,BE,Cyclophilin
HGNC,PPIL2,isa,BE,Cyclophilin
HGNC,PPIL3,isa,BE,Cyclophilin
HGNC,PPIL4,isa,BE,Cyclophilin
HGNC,PPIL6,isa,BE,Cyclophilin
HGNC,PPWD1,isa,BE,Cyclophilin
HGNC,PPIAL4A,isa,BE,Cyclophilin
HGNC,PPIAL4C,isa,BE,Cyclophilin
HGNC,PPIAL4G,isa,BE,Cyclophilin
HGNC,DDR1,isa,BE,DDR
HGNC,DDR2,isa,BE,DDR
HGNC,DSG1,isa,BE,Desmoglein
HGNC,DSG2,isa,BE,Desmoglein
HGNC,DSG3,isa,BE,Desmoglein
HGNC,DSG4,isa,BE,Desmoglein
HGNC,DGKA,isa,BE,DGK
HGNC,DGKB,isa,BE,DGK
HGNC,DGKD,isa,BE,DGK
HGNC,DGKG,isa,BE,DGK
HGNC,DGKH,isa,BE,DGK
HGNC,DGKQ,isa,BE,DGK
HGNC,DGKZ,isa,BE,DGK
HGNC,DGKE,isa,BE,DGK
HGNC,DGKI,isa,BE,DGK
HGNC,DGKK,isa,BE,DGK
HGNC,DNM1,isa,BE,DNM
HGNC,DNM2,isa,BE,DNM
HGNC,DNM3,isa,BE,DNM
HGNC,DNM3,isa,BE,DNM
HGNC,DRD1,isa,BE,DRD
HGNC,DRD2,isa,BE,DRD
HGNC,DRD3,isa,BE,DRD
HGNC,DRD4,isa,BE,DRD
HGNC,DRD5,isa,BE,DRD
HGNC,DVL1,isa,BE,DVL
HGNC,DVL2,isa,BE,DVL
HGNC,DVL3,isa,BE,DVL
HGNC,E2F1,isa,BE,E2F
HGNC,E2F2,isa,BE,E2F
HGNC,E2F3,isa,BE,E2F
HGNC,E2F4,isa,BE,E2F
HGNC,E2F5,isa,BE,E2F
HGNC,E2F6,isa,BE,E2F
HGNC,E2F7,isa,BE,E2F
HGNC,E2F8,isa,BE,E2F
HGNC,EDN1,isa,BE,EDN
HGNC,EDN2,isa,BE,EDN
HGNC,EDN3,isa,BE,EDN
HGNC,AREG,isa,BE,EGFR_ligand
HGNC,EGF,isa,BE,EGFR_ligand
HGNC,TGFA,isa,BE,EGFR_ligand
HGNC,HBEGF,isa,BE,EGFR_ligand
HGNC,BTC,isa,BE,EGFR_ligand
HGNC,EREG,isa,BE,EGFR_ligand
HGNC,EPGN,isa,BE,EGFR_ligand
HGNC,EGR1,isa,BE,EGR
HGNC,EGR2,isa,BE,EGR
HGNC,EGR3,isa,BE,EGR
HGNC,EGR4,isa,BE,EGR
HGNC,EIF4A1,isa,BE,EIF4A
HGNC,EIF4A2,isa,BE,EIF4A
HGNC,EIF4A3,isa,BE,EIF4A
HGNC,AZU1,isa,BE,ELA
HGNC,CELA1,isa,BE,ELA
HGNC,CELA2A,isa,BE,ELA
HGNC,CELA2B,isa,BE,ELA
HGNC,CELA3A,isa,BE,ELA
HGNC,CELA3B,isa,BE,ELA
HGNC,CTRC,isa,BE,ELA
HGNC,ELANE,isa,BE,ELA
HGNC,PRTN3,isa,BE,ELA
HGNC,ENO1,isa,BE,ENO
HGNC,ENO2,isa,BE,ENO
HGNC,ENO3,isa,BE,ENO
HGNC,ENO4,isa,BE,ENO
HGNC,EPHA1,isa,BE,Ephrin_receptor
HGNC,EPHA2,isa,BE,Ephrin_receptor
HGNC,EPHA3,isa,BE,Ephrin_receptor
HGNC,EPHA4,isa,BE,Ephrin_receptor
HGNC,EPHA5,isa,BE,Ephrin_receptor
HGNC,EPHA6,isa,BE,Ephrin_receptor
HGNC,EPHA7,isa,BE,Ephrin_receptor
HGNC,EPHA8,isa,BE,Ephrin_receptor
HGNC,EPHB1,isa,BE,Ephrin_receptor
HGNC,EPHB2,isa,BE,Ephrin_receptor
HGNC,EPHB3,isa,BE,Ephrin_receptor
HGNC,EPHB4,isa,BE,Ephrin_receptor
HGNC,EPHB6,isa,BE,Ephrin_receptor
HGNC,EPHA10,isa,BE,Ephrin_receptor
HGNC,EPN1,isa,BE,EPN
HGNC,EPN2,isa,BE,EPN
HGNC,EPN3,isa,BE,EPN
HGNC,CLINT1,isa,BE,EPN
HGNC,ESR1,isa,BE,ESR
HGNC,ESR2,isa,BE,ESR
HGNC,FLOT1,isa,BE,FLOT
HGNC,FLOT2,isa,BE,FLOT
HGNC,FLRT1,isa,BE,FLRT
HGNC,FLRT2,isa,BE,FLRT
HGNC,FLRT3,isa,BE,FLRT
HGNC,FZD1,isa,BE,FZD
HGNC,FZD10,isa,BE,FZD
HGNC,FZD2,isa,BE,FZD
HGNC,FZD3,isa,BE,FZD
HGNC,FZD4,isa,BE,FZD
HGNC,FZD5,isa,BE,FZD
HGNC,FZD6,isa,BE,FZD
HGNC,FZD7,isa,BE,FZD
HGNC,FZD8,isa,BE,FZD
HGNC,FZD9,isa,BE,FZD
HGNC,GABRA1,isa,BE,GABR
HGNC,GABRA2,isa,BE,GABR
HGNC,GABRA3,isa,BE,GABR
HGNC,GABRA4,isa,BE,GABR
HGNC,GABRA5,isa,BE,GABR
HGNC,GABRA6,isa,BE,GABR
HGNC,GABRB1,isa,BE,GABR
HGNC,GABRB2,isa,BE,GABR
HGNC,GABRB3,isa,BE,GABR
HGNC,GABRD,isa,BE,GABR
HGNC,GABRE,isa,BE,GABR
HGNC,GABRG1,isa,BE,GABR
HGNC,GABRG2,isa,BE,GABR
HGNC,GABRG3,isa,BE,GABR
HGNC,GABRP,isa,BE,GABR
HGNC,GABRQ,isa,BE,GABR
HGNC,GABRR1,isa,BE,GABR
HGNC,GABRR2,isa,BE,GABR
HGNC,GABRR3,isa,BE,GABR
HGNC,AXL,isa,BE,GAS6_receptor
HGNC,MERTK,isa,BE,GAS6_receptor
HGNC,TYRO3,isa,BE,GAS6_receptor
HGNC,GATA1,isa,BE,GATA
HGNC,GATA2,isa,BE,GATA
HGNC,GATA3,isa,BE,GATA
HGNC,GATA4,isa,BE,GATA
HGNC,GATA5,isa,BE,GATA
HGNC,GATA6,isa,BE,GATA
HGNC,GNB1,isa,BE,G_beta
HGNC,GNB2,isa,BE,G_beta
HGNC,GNB3,isa,BE,G_beta
HGNC,GNB4,isa,BE,G_beta
HGNC,GNB5,isa,BE,G_beta
HGNC,GNG10,isa,BE,G_gamma
HGNC,GNG11,isa,BE,G_gamma
HGNC,GNG12,isa,BE,G_gamma
HGNC,GNG13,isa,BE,G_gamma
HGNC,GNG2,isa,BE,G_gamma
HGNC,GNG3,isa,BE,G_gamma
HGNC,GNG4,isa,BE,G_gamma
HGNC,GNG5,isa,BE,G_gamma
HGNC,GNG7,isa,BE,G_gamma
HGNC,GNG8,isa,BE,G_gamma
HGNC,GNGT1,isa,BE,G_gamma
HGNC,GNGT2,isa,BE,G_gamma
HGNC,GPX1,isa,BE,GPX
HGNC,GPX2,isa,BE,GPX
HGNC,GPX3,isa,BE,GPX
HGNC,GPX4,isa,BE,GPX
HGNC,GPX5,isa,BE,GPX
HGNC,GPX6,isa,BE,GPX
HGNC,GPX7,isa,BE,GPX
HGNC,GPX8,isa,BE,GPX
HGNC,GRIA1,isa,BE,GRIA
HGNC,GRIA2,isa,BE,GRIA
HGNC,GRIA3,isa,BE,GRIA
HGNC,GRIA4,isa,BE,GRIA
HGNC,ADRBK1,isa,BE,GRK
HGNC,ADRBK2,isa,BE,GRK
HGNC,GRK1,isa,BE,GRK
HGNC,GRK4,isa,BE,GRK
HGNC,GRK5,isa,BE,GRK
HGNC,GRK6,isa,BE,GRK
HGNC,GRK7,isa,BE,GRK
HGNC,GRM1,isa,BE,GRM
HGNC,GRM2,isa,BE,GRM
HGNC,GRM3,isa,BE,GRM
HGNC,GRM4,isa,BE,GRM
HGNC,GRM5,isa,BE,GRM
HGNC,GRM6,isa,BE,GRM
HGNC,GRM7,isa,BE,GRM
HGNC,GRM8,isa,BE,GRM
HGNC,GSTA1,isa,BE,GST
HGNC,GSTA2,isa,BE,GST
HGNC,GSTA3,isa,BE,GST
HGNC,GSTA4,isa,BE,GST
HGNC,GSTA5,isa,BE,GST
HGNC,GSTK1,isa,BE,GST
HGNC,GSTM1,isa,BE,GST
HGNC,GSTM2,isa,BE,GST
HGNC,GSTM3,isa,BE,GST
HGNC,GSTM4,isa,BE,GST
HGNC,GSTM5,isa,BE,GST
HGNC,GSTO1,isa,BE,GST
HGNC,GSTO2,isa,BE,GST
HGNC,GSTP1,isa,BE,GST
HGNC,GSTT1,isa,BE,GST
HGNC,GSTT2,isa,BE,GST
HGNC,GSTZ1,isa,BE,GST
HGNC,GSTT2B,isa,BE,GST
HGNC,GUCY2C,isa,BE,GUCY
HGNC,GUCY2D,isa,BE,GUCY
HGNC,GUCY2F,isa,BE,GUCY
HGNC,NPR1,isa,BE,GUCY
HGNC,NPR2,isa,BE,GUCY
HGNC,DHH,isa,BE,Hedgehog
HGNC,IHH,isa,BE,Hedgehog
HGNC,SHH,isa,BE,Hedgehog
HGNC,HES1,isa,BE,HES
HGNC,HES2,isa,BE,HES
HGNC,HES3,isa,BE,HES
HGNC,HES4,isa,BE,HES
HGNC,HES5,isa,BE,HES
HGNC,HES6,isa,BE,HES
HGNC,HES7,isa,BE,HES
HGNC,HLA-DRA,isa,BE,HLA_DR
HGNC,HLA-DRB1,isa,BE,HLA_DR
HGNC,HLA-DRB3,isa,BE,HLA_DR
HGNC,HLA-DRB4,isa,BE,HLA_DR
HGNC,HLA-DRB5,isa,BE,HLA_DR
HGNC,HMOX1,isa,BE,HMOX
HGNC,HMOX2,isa,BE,HMOX
HGNC,HSPA12A,isa,BE,HSPA
HGNC,HSPA12B,isa,BE,HSPA
HGNC,HSPA13,isa,BE,HSPA
HGNC,HSPA14,isa,BE,HSPA
HGNC,HSPA1A,isa,BE,HSPA
HGNC,HSPA1B,isa,BE,HSPA
HGNC,HSPA1L,isa,BE,HSPA
HGNC,HSPA2,isa,BE,HSPA
HGNC,HSPA4,isa,BE,HSPA
HGNC,HSPA4L,isa,BE,HSPA
HGNC,HSPA5,isa,BE,HSPA
HGNC,HSPA6,isa,BE,HSPA
HGNC,HSPA8,isa,BE,HSPA
HGNC,HSPA9,isa,BE,HSPA
HGNC,HSPH1,isa,BE,HSPA
HGNC,HYOU1,isa,BE,HSPA
HGNC,HSPB1,isa,BE,HSPB
HGNC,HSPB2,isa,BE,HSPB
HGNC,HSPB8,isa,BE,HSPB
HGNC,IGFBP1,isa,BE,IGFBP
HGNC,IGFBP2,isa,BE,IGFBP
HGNC,IGFBP3,isa,BE,IGFBP
HGNC,IGFBP4,isa,BE,IGFBP
HGNC,IGFBP5,isa,BE,IGFBP
HGNC,IGFBP6,isa,BE,IGFBP
HGNC,IGFBP7,isa,BE,IGFBP
HGNC,CHUK,isa,BE,IKK
HGNC,IKBKB,isa,BE,IKK
HGNC,IKBKE,isa,BE,IKK
HGNC,TBK1,isa,BE,IKK
HGNC,IGF1R,isa,BE,INSR
HGNC,INSR,isa,BE,INSR
HGNC,INSRR,isa,BE,INSR
HGNC,IRS1,isa,BE,IRS
HGNC,IRS2,isa,BE,IRS
HGNC,IRS4,isa,BE,IRS
HGNC,IRX1,isa,BE,IRX
HGNC,IRX2,isa,BE,IRX
HGNC,IRX3,isa,BE,IRX
HGNC,IRX4,isa,BE,IRX
HGNC,IRX5,isa,BE,IRX
HGNC,IRX6,isa,BE,IRX
HGNC,MKX,isa,BE,IRX
HGNC,KLK1,isa,BE,KLK
HGNC,KLK10,isa,BE,KLK
HGNC,KLK11,isa,BE,KLK
HGNC,KLK12,isa,BE,KLK
HGNC,KLK13,isa,BE,KLK
HGNC,KLK14,isa,BE,KLK
HGNC,KLK15,isa,BE,KLK
HGNC,KLK2,isa,BE,KLK
HGNC,KLK3,isa,BE,KLK
HGNC,KLK4,isa,BE,KLK
HGNC,KLK5,isa,BE,KLK
HGNC,KLK6,isa,BE,KLK
HGNC,KLK7,isa,BE,KLK
HGNC,KLK8,isa,BE,KLK
HGNC,KLK9,isa,BE,KLK
HGNC,KLKB1,isa,BE,KLK
HGNC,MAF,isa,BE,MAF
HGNC,MAFA,isa,BE,MAF
HGNC,MAFB,isa,BE,MAF
HGNC,MAFF,isa,BE,MAF
HGNC,MAFG,isa,BE,MAF
HGNC,MAFK,isa,BE,MAF
HGNC,MAPK8,isa,BE,JNK
HGNC,MAPK9,isa,BE,JNK
HGNC,MAPK10,isa,BE,JNK
BE,JNK,isa,BE,MAPK
HGNC,MEF2A,isa,BE,MEF2
HGNC,MEF2C,isa,BE,MEF2
HGNC,MEF2D,isa,BE,MEF2
HGNC,MEF2B,isa,BE,MEF2
HGNC,MYH1,isa,BE,MYH
HGNC,MYH10,isa,BE,MYH
HGNC,MYH11,isa,BE,MYH
HGNC,MYH13,isa,BE,MYH
HGNC,MYH14,isa,BE,MYH
HGNC,MYH15,isa,BE,MYH
HGNC,MYH2,isa,BE,MYH
HGNC,MYH3,isa,BE,MYH
HGNC,MYH4,isa,BE,MYH
HGNC,MYH6,isa,BE,MYH
HGNC,MYH7,isa,BE,MYH
HGNC,MYH7B,isa,BE,MYH
HGNC,MYH8,isa,BE,MYH
HGNC,MYH9,isa,BE,MYH
HGNC,MYO5A,isa,BE,MYH
HGNC,MYL1,isa,BE,MYL_alkali
HGNC,MYL3,isa,BE,MYL_alkali
HGNC,MYL4,isa,BE,MYL_alkali
HGNC,MYL6,isa,BE,MYL_alkali
HGNC,MYL6B,isa,BE,MYL_alkali
HGNC,MYL10,isa,BE,MYL_regulatory
HGNC,MYL12A,isa,BE,MYL_regulatory
HGNC,MYL12B,isa,BE,MYL_regulatory
HGNC,MYL2,isa,BE,MYL_regulatory
HGNC,MYL5,isa,BE,MYL_regulatory
HGNC,MYL7,isa,BE,MYL_regulatory
HGNC,MYL9,isa,BE,MYL_regulatory
HGNC,MYLPF,isa,BE,MYL_regulatory
HGNC,MYL2,isa,BE,MYL_slow
HGNC,MYL3,isa,BE,MYL_slow
HGNC,MYL6B,isa,BE,MYL_slow
BE,MYL_alkali,isa,BE,MYL
BE,MYL_regulatory,isa,BE,MYL
BE,MYL_slow,isa,BE,MYL
HGNC,KAT8,isa,BE,MYST
HGNC,KAT7,isa,BE,MYST
HGNC,KAT6A,isa,BE,MYST
HGNC,KAT6B,isa,BE,MYST
HGNC,KAT5,isa,BE,MYST
HGNC,NCOA1,isa,BE,NCOA
HGNC,NCOA2,isa,BE,NCOA
HGNC,NCOA3,isa,BE,NCOA
HGNC,NCOR1,isa,BE,NCOR
HGNC,NCOR2,isa,BE,NCOR
HGNC,NDRG1,isa,BE,NDRG
HGNC,NDRG2,isa,BE,NDRG
HGNC,NDRG3,isa,BE,NDRG
HGNC,NDRG4,isa,BE,NDRG
HGNC,NKD1,isa,BE,NKD
HGNC,NKD2,isa,BE,NKD
HGNC,NOS1,isa,BE,NOS
HGNC,NOS2,isa,BE,NOS
HGNC,NOS3,isa,BE,NOS
HGNC,NOTCH1,isa,BE,Notch
HGNC,NOTCH2,isa,BE,Notch
HGNC,NOTCH3,isa,BE,Notch
HGNC,NOTCH4,isa,BE,Notch
HGNC,NRG1,isa,BE,NRG_1_2
HGNC,NRG2,isa,BE,NRG_1_2
HGNC,NRG3,isa,BE,NRG_3_4
HGNC,NRG4,isa,BE,NRG_3_4
BE,NRG_1_2,isa,BE,NRG
BE,NRG_3_4,isa,BE,NRG
HGNC,NTRK1,isa,BE,NTRK
HGNC,NTRK2,isa,BE,NTRK
HGNC,NTRK3,isa,BE,NTRK
HGNC,P2RX1,isa,BE,P2RX
HGNC,P2RX2,isa,BE,P2RX
HGNC,P2RX3,isa,BE,P2RX
HGNC,P2RX4,isa,BE,P2RX
HGNC,P2RX5,isa,BE,P2RX
HGNC,P2RX6,isa,BE,P2RX
HGNC,P2RX7,isa,BE,P2RX
HGNC,P2RY1,isa,BE,P2RY
HGNC,P2RY2,isa,BE,P2RY
HGNC,P2RY4,isa,BE,P2RY
HGNC,P2RY6,isa,BE,P2RY
HGNC,P2RY8,isa,BE,P2RY
HGNC,P2RY10,isa,BE,P2RY
HGNC,P2RY11,isa,BE,P2RY
HGNC,P2RY12,isa,BE,P2RY
HGNC,P2RY13,isa,BE,P2RY
HGNC,P2RY14,isa,BE,P2RY
HGNC,LPAR4,isa,BE,P2RY
HGNC,LPAR6,isa,BE,P2RY
HGNC,PARVA,isa,BE,PARV
HGNC,PARVB,isa,BE,PARV
HGNC,PARVG,isa,BE,PARV
HGNC,PBX1,isa,BE,PBX
HGNC,PBX2,isa,BE,PBX
HGNC,PBX3,isa,BE,PBX
HGNC,PBX4,isa,BE,PBX
HGNC,PDE1A,isa,BE,PDE1
HGNC,PDE1B,isa,BE,PDE1
HGNC,PDE1C,isa,BE,PDE1
HGNC,PDE2A,isa,BE,PDE
HGNC,PDE3A,isa,BE,PDE3
HGNC,PDE3B,isa,BE,PDE3
HGNC,PDE4A,isa,BE,PDE4
HGNC,PDE4B,isa,BE,PDE4
HGNC,PDE4C,isa,BE,PDE4
HGNC,PDE4D,isa,BE,PDE4
HGNC,PDE6A,isa,BE,PDE6
HGNC,PDE6B,isa,BE,PDE6
HGNC,PDE6C,isa,BE,PDE6
HGNC,PDE7A,isa,BE,PDE7
HGNC,PDE7B,isa,BE,PDE7
HGNC,PDE8A,isa,BE,PDE8
HGNC,PDE8B,isa,BE,PDE8
HGNC,PDE9A,isa,BE,PDE
HGNC,PDE10A,isa,BE,PDE
HGNC,PDE11A,isa,BE,PDE
BE,PDE1,isa,BE,PDE
BE,PDE3,isa,BE,PDE
BE,PDE4,isa,BE,PDE
BE,PDE6,isa,BE,PDE
BE,PDE7,isa,BE,PDE
BE,PDE8,isa,BE,PDE
HGNC,PDK1,isa,BE,PDK
HGNC,PDK2,isa,BE,PDK
HGNC,PDK3,isa,BE,PDK
HGNC,PDK4,isa,BE,PDK
HGNC,PFN1,isa,BE,PFN
HGNC,PFN2,isa,BE,PFN
HGNC,PFN3,isa,BE,PFN
HGNC,PFN4,isa,BE,PFN
HGNC,PIK3CA,isa,BE,PI3K_p110
HGNC,PIK3CB,isa,BE,PI3K_p110
HGNC,PIK3CD,isa,BE,PI3K_p110
HGNC,PIK3CG,isa,BE,PI3K_p110
HGNC,PIK3R1,isa,BE,PI3K_p85
HGNC,PIK3R2,isa,BE,PI3K_p85
HGNC,PIK3R3,isa,BE,PIK3R_I
HGNC,PIK3R4,isa,BE,PIK3R_I
HGNC,PIK3R5,isa,BE,PIK3R_I
HGNC,PIK3R6,isa,BE,PIK3R_I
BE,PI3K_p85,isa,BE,PIK3R_I
BE,PI3K_p110,partof,BE,PI3K
BE,PIK3R_I,partof,BE,PI3K
HGNC,PKIA,isa,BE,PKI
HGNC,PKIB,isa,BE,PKI
HGNC,PKIG,isa,BE,PKI
HGNC,PLA2G1B,isa,BE,PLA2
HGNC,PLA2G2A,isa,BE,PLA2G2
HGNC,PLA2G2C,isa,BE,PLA2G2
HGNC,PLA2G2D,isa,BE,PLA2G2
HGNC,PLA2G2E,isa,BE,PLA2G2
HGNC,PLA2G2F,isa,BE,PLA2G2
HGNC,PLA2G3,isa,BE,PLA2
HGNC,PLA2G4A,isa,BE,PLA2G4
HGNC,PLA2G4C,isa,BE,PLA2G4
HGNC,PLA2G4D,isa,BE,PLA2G4
HGNC,PLA2G5,isa,BE,PLA2
HGNC,PLA2G6,isa,BE,PLA2
HGNC,PLA2G7,isa,BE,PLA2
HGNC,PLA2G10,isa,BE,PLA2
HGNC,PLA2G12A,isa,BE,PLA2
HGNC,PLA2G12B,isa,BE,PLA2
BE,PLA2G2,isa,BE,PLA2
BE,PLA2G4,isa,BE,PLA2
HGNC,PLCB1,isa,BE,PLCB
HGNC,PLCB2,isa,BE,PLCB
HGNC,PLCB3,isa,BE,PLCB
HGNC,PLCB4,isa,BE,PLCB
HGNC,PLCD1,isa,BE,PLCD
HGNC,PLCD3,isa,BE,PLCD
HGNC,PLCD4,isa,BE,PLCD
HGNC,PLCE1,isa,BE,PLC
HGNC,PLCG1,isa,BE,PLCG
HGNC,PLCG2,isa,BE,PLCG
HGNC,PLCZ1,isa,BE,PLC
BE,PLCB,isa,BE,PLC
BE,PLCD,isa,BE,PLC
BE,PLCG,isa,BE,PLC
HGNC,PLD1,isa,BE,PLD
HGNC,PLD2,isa,BE,PLD
HGNC,PLD3,isa,BE,PLD
HGNC,PLD4,isa,BE,PLD
HGNC,PLD5,isa,BE,PLD
HGNC,PLD6,isa,BE,PLD
HGNC,PLPP1,isa,BE,PPAP2
HGNC,PLPP2,isa,BE,PPAP2
HGNC,PLPP3,isa,BE,PPAP2
HGNC,PPARA,isa,BE,PPAR
HGNC,PPARD,isa,BE,PPAR
HGNC,PPARG,isa,BE,PPAR
HGNC,PPP1CA,isa,BE,PPP1C
HGNC,PPP1CB,isa,BE,PPP1C
HGNC,PPP1CC,isa,BE,PPP1C
HGNC,PPP1R10,isa,BE,PPP1R
HGNC,PPP1R11,isa,BE,PPP1R
HGNC,PPP1R12A,isa,BE,PPP1R
HGNC,PPP1R12B,isa,BE,PPP1R
HGNC,PPP1R12C,isa,BE,PPP1R
HGNC,PPP1R13B,isa,BE,PPP1R
HGNC,PPP1R14A,isa,BE,PPP1R
HGNC,PPP1R14B,isa,BE,PPP1R
HGNC,PPP1R14C,isa,BE,PPP1R
HGNC,PPP1R14D,isa,BE,PPP1R
HGNC,PPP1R15A,isa,BE,PPP1R
HGNC,PPP1R15B,isa,BE,PPP1R
HGNC,PPP1R16A,isa,BE,PPP1R
HGNC,PPP1R16B,isa,BE,PPP1R
HGNC,PPP1R1A,isa,BE,PPP1R
HGNC,PPP1R1B,isa,BE,PPP1R
HGNC,PPP1R1C,isa,BE,PPP1R
HGNC,PPP1R2,isa,BE,PPP1R
HGNC,PPP1R3A,isa,BE,PPP1R
HGNC,PPP1R3B,isa,BE,PPP1R
HGNC,PPP1R3C,isa,BE,PPP1R
HGNC,PPP1R3D,isa,BE,PPP1R
HGNC,PPP1R3F,isa,BE,PPP1R
HGNC,PPP1R7,isa,BE,PPP1R
HGNC,PPP1R8,isa,BE,PPP1R
HGNC,PPP1R9A,isa,BE,PPP1R
HGNC,PPP1R9B,isa,BE,PPP1R
HGNC,PPM1J,isa,BE,PPP2C
HGNC,PPP2CA,isa,BE,PPP2C
HGNC,PPP2CB,isa,BE,PPP2C
HGNC,PPP2R1A,isa,BE,PPP2R_A
HGNC,PPP2R1B,isa,BE,PPP2R_A
HGNC,PPP2R2A,isa,BE,PPP2R_B
HGNC,PPP2R2B,isa,BE,PPP2R_B
HGNC,PPP2R2C,isa,BE,PPP2R_B
HGNC,PPP2R2D,isa,BE,PPP2R_B
HGNC,PPP2R3A,isa,BE,PPP2R_B
HGNC,PPP2R3B,isa,BE,PPP2R_B
HGNC,PPP2R4,isa,BE,PPP2R_B
HGNC,PPP2R5A,isa,BE,PPP2R_B
HGNC,PPP2R5B,isa,BE,PPP2R_B
HGNC,PPP2R5C,isa,BE,PPP2R_B
HGNC,PPP2R5D,isa,BE,PPP2R_B
HGNC,PPP2R5E,isa,BE,PPP2R_B
BE,PPP2R_A,partof,BE,PPP2
BE,PPP2R_B,partof,BE,PPP2
HGNC,PPP3CA,isa,BE,PPP3C
HGNC,PPP3CB,isa,BE,PPP3C
HGNC,PPP3CC,isa,BE,PPP3C
HGNC,PPP3R1,isa,BE,PPP3R
HGNC,PPP3R2,isa,BE,PPP3R
BE,PPP3C,partof,BE,PPP3
BE,PPP3R,partof,BE,PPP3
HGNC,PRDX1,isa,BE,PRDX
HGNC,PRDX2,isa,BE,PRDX
HGNC,PRDX3,isa,BE,PRDX
HGNC,PRDX4,isa,BE,PRDX
HGNC,PRDX5,isa,BE,PRDX
HGNC,PRDX6,isa,BE,PRDX
HGNC,PRKAR1A,isa,BE,PRKAR
HGNC,PRKAR1B,isa,BE,PRKAR
HGNC,PRKAR2A,isa,BE,PRKAR
HGNC,PRKAR2B,isa,BE,PRKAR
HGNC,PRKCA,isa,BE,PRKC
HGNC,PRKCB,isa,BE,PRKC
HGNC,PRKCD,isa,BE,PRKC
HGNC,PRKCE,isa,BE,PRKC
HGNC,PRKCG,isa,BE,PRKC
HGNC,PRKCH,isa,BE,PRKC
HGNC,PRKCI,isa,BE,PRKC
HGNC,PRKCQ,isa,BE,PRKC
HGNC,PRKCZ,isa,BE,PRKC
HGNC,PRKD3,isa,BE,PRKC
HGNC,PRKG1,isa,BE,PRKG
HGNC,PRKG2,isa,BE,PRKG
HGNC,PTGER1,isa,BE,PTGER
HGNC,PTGER2,isa,BE,PTGER
HGNC,PTGER3,isa,BE,PTGER
HGNC,PTGER4,isa,BE,PTGER
HGNC,RAB10,isa,BE,RAB
HGNC,RAB11A,isa,BE,RAB
HGNC,RAB11B,isa,BE,RAB
HGNC,RAB12,isa,BE,RAB
HGNC,RAB13,isa,BE,RAB
HGNC,RAB14,isa,BE,RAB
HGNC,RAB15,isa,BE,RAB
HGNC,RAB17,isa,BE,RAB
HGNC,RAB18,isa,BE,RAB
HGNC,RAB19,isa,BE,RAB
HGNC,RAB1A,isa,BE,RAB
HGNC,RAB1B,isa,BE,RAB
HGNC,RAB1C,isa,BE,RAB
HGNC,RAB20,isa,BE,RAB
HGNC,RAB21,isa,BE,RAB
HGNC,RAB22A,isa,BE,RAB
HGNC,RAB23,isa,BE,RAB
HGNC,RAB24,isa,BE,RAB
HGNC,RAB25,isa,BE,RAB
HGNC,RAB26,isa,BE,RAB
HGNC,RAB27A,isa,BE,RAB
HGNC,RAB27B,isa,BE,RAB
HGNC,RAB28,isa,BE,RAB
HGNC,RAB2A,isa,BE,RAB
HGNC,RAB2B,isa,BE,RAB
HGNC,RAB30,isa,BE,RAB
HGNC,RAB31,isa,BE,RAB
HGNC,RAB32,isa,BE,RAB
HGNC,RAB33A,isa,BE,RAB
HGNC,RAB33B,isa,BE,RAB
HGNC,RAB34,isa,BE,RAB
HGNC,RAB35,isa,BE,RAB
HGNC,RAB36,isa,BE,RAB
HGNC,RAB37,isa,BE,RAB
HGNC,RAB38,isa,BE,RAB
HGNC,RAB39A,isa,BE,RAB
HGNC,RAB39B,isa,BE,RAB
HGNC,RAB3A,isa,BE,RAB
HGNC,RAB3B,isa,BE,RAB
HGNC,RAB3C,isa,BE,RAB
HGNC,RAB3D,isa,BE,RAB
HGNC,RAB40A,isa,BE,RAB
HGNC,RAB40AL,isa,BE,RAB
HGNC,RAB40B,isa,BE,RAB
HGNC,RAB40C,isa,BE,RAB
HGNC,RAB41,isa,BE,RAB
HGNC,RAB42,isa,BE,RAB
HGNC,RAB43,isa,BE,RAB
HGNC,RAB44,isa,BE,RAB
HGNC,RAB4A,isa,BE,RAB
HGNC,RAB4B,isa,BE,RAB
HGNC,RAB5A,isa,BE,RAB
HGNC,RAB5B,isa,BE,RAB
HGNC,RAB5C,isa,BE,RAB
HGNC,RAB6A,isa,BE,RAB
HGNC,RAB6B,isa,BE,RAB
HGNC,RAB6C,isa,BE,RAB
HGNC,RAB7A,isa,BE,RAB
HGNC,RAB7B,isa,BE,RAB
HGNC,RAB29,isa,BE,RAB
HGNC,RAB8A,isa,BE,RAB
HGNC,RAB8B,isa,BE,RAB
HGNC,RAB9A,isa,BE,RAB
HGNC,RAB9B,isa,BE,RAB
HGNC,RABL2A,isa,BE,RAB
HGNC,RABL2B,isa,BE,RAB
HGNC,RABL3,isa,BE,RAB
HGNC,IFT22,isa,BE,RAB
HGNC,RARA,isa,BE,RAR
HGNC,RARB,isa,BE,RAR
HGNC,RARG,isa,BE,RAR
HGNC,RFX1,isa,BE,RFX
HGNC,RFX2,isa,BE,RFX
HGNC,RFX3,isa,BE,RFX
HGNC,RFX4,isa,BE,RFX
HGNC,RFX5,isa,BE,RFX
HGNC,RFX6,isa,BE,RFX
HGNC,RFX7,isa,BE,RFX
HGNC,RFX8,isa,BE,RFX
HGNC,ROR1,isa,BE,ROR
HGNC,ROR2,isa,BE,ROR
HGNC,RXRA,isa,BE,RXR
HGNC,RXRB,isa,BE,RXR
HGNC,RXRG,isa,BE,RXR
HGNC,HRNR,isa,BE,S100A
HGNC,S100A1,isa,BE,S100A
HGNC,S100A10,isa,BE,S100A
HGNC,S100A11,isa,BE,S100A
HGNC,S100A12,isa,BE,S100A
HGNC,S100A13,isa,BE,S100A
HGNC,S100A14,isa,BE,S100A
HGNC,S100A16,isa,BE,S100A
HGNC,S100A2,isa,BE,S100A
HGNC,S100A3,isa,BE,S100A
HGNC,S100A4,isa,BE,S100A
HGNC,S100A5,isa,BE,S100A
HGNC,S100A6,isa,BE,S100A
HGNC,S100A7,isa,BE,S100A
HGNC,S100A7A,isa,BE,S100A
HGNC,S100A8,isa,BE,S100A
HGNC,S100A9,isa,BE,S100A
HGNC,TCHHL1,isa,BE,S100A
HGNC,S1PR1,isa,BE,S1PR
HGNC,S1PR2,isa,BE,S1PR
HGNC,S1PR3,isa,BE,S1PR
HGNC,S1PR4,isa,BE,S1PR
HGNC,S1PR5,isa,BE,S1PR
HGNC,SCD,isa,BE,SCD
HGNC,SCD5,isa,BE,SCD
HGNC,SERPINB1,isa,BE,SERPINB
HGNC,SERPINB2,isa,BE,SERPINB
HGNC,SERPINB3,isa,BE,SERPINB
HGNC,SERPINB4,isa,BE,SERPINB
HGNC,SERPINB5,isa,BE,SERPINB
HGNC,SERPINB6,isa,BE,SERPINB
HGNC,SERPINB7,isa,BE,SERPINB
HGNC,SERPINB8,isa,BE,SERPINB
HGNC,SERPINB9,isa,BE,SERPINB
HGNC,SERPINB10,isa,BE,SERPINB
HGNC,SERPINB11,isa,BE,SERPINB
HGNC,SERPINB12,isa,BE,SERPINB
HGNC,SERPINB13,isa,BE,SERPINB
HGNC,SLC2A1,isa,BE,SLC2A
HGNC,SLC2A2,isa,BE,SLC2A
HGNC,SLC2A3,isa,BE,SLC2A
HGNC,SLC2A4,isa,BE,SLC2A
HGNC,SLC2A5,isa,BE,SLC2A
HGNC,SLC2A6,isa,BE,SLC2A
HGNC,SLC2A7,isa,BE,SLC2A
HGNC,SLC2A8,isa,BE,SLC2A
HGNC,SLC2A9,isa,BE,SLC2A
HGNC,SLC2A10,isa,BE,SLC2A
HGNC,SLC2A11,isa,BE,SLC2A
HGNC,SLC2A12,isa,BE,SLC2A
HGNC,SLC2A14,isa,BE,SLC2A
HGNC,SMAD1,isa,BE,SMAD
HGNC,SMAD2,isa,BE,SMAD
HGNC,SMAD3,isa,BE,SMAD
HGNC,SMAD4,isa,BE,SMAD
HGNC,SMAD5,isa,BE,SMAD
HGNC,SMAD6,isa,BE,SMAD
HGNC,SMAD7,isa,BE,SMAD
HGNC,SMAD9,isa,BE,SMAD
HGNC,SMC1A,isa,BE,SMC1
HGNC,SMC1B,isa,BE,SMC1
HGNC,SNAI1,isa,BE,SNAI
HGNC,SNAI2,isa,BE,SNAI
HGNC,SNAI3,isa,BE,SNAI
HGNC,FGR,isa,BE,SRC
HGNC,FYN,isa,BE,SRC
HGNC,SRC,isa,BE,SRC
HGNC,YES1,isa,BE,SRC
HGNC,SREBF1,isa,BE,SREBF
HGNC,SREBF2,isa,BE,SREBF
HGNC,TAP1,isa,BE,TAP
HGNC,TAP2,isa,BE,TAP
HGNC,ABCB9,isa,BE,TAP
HGNC,LEF1,isa,BE,TCF_LEF
HGNC,TCF7,isa,BE,TCF_LEF
HGNC,TCF7L1,isa,BE,TCF_LEF
HGNC,TCF7L2,isa,BE,TCF_LEF
HGNC,TFAP2A,isa,BE,TFAP2
HGNC,TFAP2B,isa,BE,TFAP2
HGNC,TFAP2C,isa,BE,TFAP2
HGNC,TFAP2D,isa,BE,TFAP2
HGNC,TFAP2E,isa,BE,TFAP2
HGNC,TGFB1,isa,BE,TGFB
HGNC,TGFB2,isa,BE,TGFB
HGNC,TGFB3,isa,BE,TGFB
HGNC,THBS1,isa,BE,THBS
HGNC,THBS2,isa,BE,THBS
HGNC,THBS3,isa,BE,THBS
HGNC,THBS4,isa,BE,THBS
HGNC,COMP,isa,BE,THBS
HGNC,THRA,isa,BE,THR
HGNC,THRB,isa,BE,THR
HGNC,TNC,isa,BE,TN
HGNC,TNN,isa,BE,TN
HGNC,TNR,isa,BE,TN
HGNC,TNXB,isa,BE,TN
HGNC,TOP2A,isa,BE,TOP2
HGNC,TOP2B,isa,BE,TOP2
HGNC,TPSAB1,isa,BE,Tryptase
HGNC,TPSB2,isa,BE,Tryptase
HGNC,TPSD1,isa,BE,Tryptase
HGNC,TPSG1,isa,BE,Tryptase
HGNC,TXN,isa,BE,TXN
HGNC,TXN2,isa,BE,TXN
HGNC,TXNRD1,isa,BE,TXNRD
HGNC,TXNRD2,isa,BE,TXNRD
HGNC,TXNRD3,isa,BE,TXNRD
HGNC,CDC34,isa,BE,UBE2
HGNC,UBE2A,isa,BE,UBE2
HGNC,UBE2B,isa,BE,UBE2
HGNC,UBE2C,isa,BE,UBE2
HGNC,UBE2D1,isa,BE,UBE2
HGNC,UBE2D2,isa,BE,UBE2
HGNC,UBE2D3,isa,BE,UBE2
HGNC,UBE2D4,isa,BE,UBE2
HGNC,UBE2E1,isa,BE,UBE2
HGNC,UBE2E2,isa,BE,UBE2
HGNC,UBE2E3,isa,BE,UBE2
HGNC,UBE2F,isa,BE,UBE2
HGNC,UBE2G1,isa,BE,UBE2
HGNC,UBE2G2,isa,BE,UBE2
HGNC,UBE2H,isa,BE,UBE2
HGNC,UBE2I,isa,BE,UBE2
HGNC,UBE2J1,isa,BE,UBE2
HGNC,UBE2J2,isa,BE,UBE2
HGNC,UBE2L3,isa,BE,UBE2
HGNC,UBE2L6,isa,BE,UBE2
HGNC,UBE2M,isa,BE,UBE2
HGNC,UBE2N,isa,BE,UBE2
HGNC,UBE2NL,isa,BE,UBE2
HGNC,UBE2Q1,isa,BE,UBE2
HGNC,UBE2R2,isa,BE,UBE2
HGNC,UBE2S,isa,BE,UBE2
HGNC,UBE2V1,isa,BE,UBE2
HGNC,UBE2V2,isa,BE,UBE2
HGNC,UBE2W,isa,BE,UBE2
HGNC,VAV1,isa,BE,VAV
HGNC,VAV2,isa,BE,VAV
HGNC,VAV3,isa,BE,VAV
HGNC,VEGFA,isa,BE,VEGF
HGNC,VEGFB,isa,BE,VEGF
HGNC,VEGFC,isa,BE,VEGF
HGNC,FIGF,isa,BE,VEGF
HGNC,PGF,isa,BE,VEGF
HGNC,FLT1,isa,BE,VEGFR
HGNC,FLT4,isa,BE,VEGFR
HGNC,KDR,isa,BE,VEGFR
